Product code,Station number,Year,Month,Monthly Precipitation Total (millimetres),Quality
IDCJAC0001,9225,1993,2,27.6,Y
IDCJAC0001,9225,1993,3,5.8,Y
IDCJAC0001,9225,1993,4,14.6,Y
IDCJAC0001,9225,1993,5,129.6,Y
IDCJAC0001,9225,1993,6,64.4,Y
IDCJAC0001,9225,1993,7,123.2,Y
IDCJAC0001,9225,1993,8,158.4,Y
IDCJAC0001,9225,1993,9,82.7,Y
IDCJAC0001,9225,1993,11,7,Y
IDCJAC0001,9225,1993,12,2.4,Y
IDCJAC0001,9225,1994,1,1.6,Y
IDCJAC0001,9225,1994,2,0.2,Y
IDCJAC0001,9225,1994,3,3.8,Y
IDCJAC0001,9225,1994,4,4.2,Y
IDCJAC0001,9225,1994,5,93.4,Y
IDCJAC0001,9225,1994,6,203.4,Y
IDCJAC0001,9225,1994,7,167.4,Y
IDCJAC0001,9225,1994,8,164.2,Y
IDCJAC0001,9225,1994,9,79.2,Y
IDCJAC0001,9225,1994,10,15.8,Y
IDCJAC0001,9225,1994,11,6.6,Y
IDCJAC0001,9225,1994,12,0,Y
IDCJAC0001,9225,1995,1,0,Y
IDCJAC0001,9225,1995,2,12,Y
IDCJAC0001,9225,1995,3,20,Y
IDCJAC0001,9225,1995,4,10.8,Y
IDCJAC0001,9225,1995,5,138.6,Y
IDCJAC0001,9225,1995,6,150,Y
IDCJAC0001,9225,1995,7,278.6,Y
IDCJAC0001,9225,1995,8,83.8,Y
IDCJAC0001,9225,1995,9,83.8,Y
IDCJAC0001,9225,1995,10,92,Y
IDCJAC0001,9225,1995,11,32.2,Y
IDCJAC0001,9225,1995,12,3,Y
IDCJAC0001,9225,1996,1,3.2,Y
IDCJAC0001,9225,1996,2,0,Y
IDCJAC0001,9225,1996,3,9.2,Y
IDCJAC0001,9225,1996,4,27,Y
IDCJAC0001,9225,1996,5,50.6,Y
IDCJAC0001,9225,1996,6,221.4,Y
IDCJAC0001,9225,1996,7,210.8,Y
IDCJAC0001,9225,1996,8,123.6,Y
IDCJAC0001,9225,1996,9,127.6,Y
IDCJAC0001,9225,1996,10,44,Y
IDCJAC0001,9225,1996,11,50.6,Y
IDCJAC0001,9225,1996,12,20.6,Y
IDCJAC0001,9225,1997,1,0.6,Y
IDCJAC0001,9225,1997,2,3.6,Y
IDCJAC0001,9225,1997,3,53.8,Y
IDCJAC0001,9225,1997,4,38.6,Y
IDCJAC0001,9225,1997,5,82.6,Y
IDCJAC0001,9225,1997,6,104.8,Y
IDCJAC0001,9225,1997,7,137.6,Y
IDCJAC0001,9225,1997,8,119.2,Y
IDCJAC0001,9225,1997,9,109.2,Y
IDCJAC0001,9225,1997,10,41.6,Y
IDCJAC0001,9225,1997,11,7.8,Y
IDCJAC0001,9225,1997,12,0,Y
IDCJAC0001,9225,1998,1,1.8,Y
IDCJAC0001,9225,1998,2,0,Y
IDCJAC0001,9225,1998,3,43,Y
IDCJAC0001,9225,1998,4,15.2,Y
IDCJAC0001,9225,1998,5,93.4,Y
IDCJAC0001,9225,1998,6,143,Y
IDCJAC0001,9225,1998,7,118.6,Y
IDCJAC0001,9225,1998,8,153.2,Y
IDCJAC0001,9225,1998,9,97.4,Y
IDCJAC0001,9225,1998,10,38.2,Y
IDCJAC0001,9225,1998,11,26.2,Y
IDCJAC0001,9225,1998,12,12.6,Y
IDCJAC0001,9225,1999,1,48.2,Y
IDCJAC0001,9225,1999,2,0,Y
IDCJAC0001,9225,1999,3,28.6,Y
IDCJAC0001,9225,1999,4,30.2,Y
IDCJAC0001,9225,1999,5,99.6,Y
IDCJAC0001,9225,1999,6,116,Y
IDCJAC0001,9225,1999,7,118.2,Y
IDCJAC0001,9225,1999,8,167.4,Y
IDCJAC0001,9225,1999,9,105.8,Y
IDCJAC0001,9225,1999,10,96.4,Y
IDCJAC0001,9225,1999,11,4.4,Y
IDCJAC0001,9225,1999,12,7.2,Y
IDCJAC0001,9225,2000,1,139,Y
IDCJAC0001,9225,2000,2,0,Y
IDCJAC0001,9225,2000,3,22.2,Y
IDCJAC0001,9225,2000,4,32.6,Y
IDCJAC0001,9225,2000,5,26.4,Y
IDCJAC0001,9225,2000,6,123.2,Y
IDCJAC0001,9225,2000,7,231,Y
IDCJAC0001,9225,2000,8,143,Y
IDCJAC0001,9225,2000,9,49.6,Y
IDCJAC0001,9225,2000,10,5.2,Y
IDCJAC0001,9225,2000,11,23.6,Y
IDCJAC0001,9225,2000,12,0.4,Y
IDCJAC0001,9225,2001,1,2.4,Y
IDCJAC0001,9225,2001,2,7,Y
IDCJAC0001,9225,2001,3,2.8,Y
IDCJAC0001,9225,2001,4,7.4,Y
IDCJAC0001,9225,2001,5,108.6,Y
IDCJAC0001,9225,2001,6,71.6,Y
IDCJAC0001,9225,2001,7,182.6,Y
IDCJAC0001,9225,2001,8,128,Y
IDCJAC0001,9225,2001,9,115.2,Y
IDCJAC0001,9225,2001,10,32.8,Y
IDCJAC0001,9225,2001,11,25.4,Y
IDCJAC0001,9225,2001,12,4.8,Y
IDCJAC0001,9225,2002,1,18.4,Y
IDCJAC0001,9225,2002,2,8.2,Y
IDCJAC0001,9225,2002,3,2.6,Y
IDCJAC0001,9225,2002,4,96,Y
IDCJAC0001,9225,2002,5,70.4,Y
IDCJAC0001,9225,2002,6,183.8,Y
IDCJAC0001,9225,2002,7,119.8,Y
IDCJAC0001,9225,2002,8,81.2,Y
IDCJAC0001,9225,2002,9,85.6,Y
IDCJAC0001,9225,2002,10,42.2,Y
IDCJAC0001,9225,2002,11,25.8,Y
IDCJAC0001,9225,2002,12,3.8,Y
IDCJAC0001,9225,2003,1,1.4,Y
IDCJAC0001,9225,2003,2,11,Y
IDCJAC0001,9225,2003,3,61.4,Y
IDCJAC0001,9225,2003,4,49,Y
IDCJAC0001,9225,2003,5,92.6,Y
IDCJAC0001,9225,2003,6,173.4,Y
IDCJAC0001,9225,2003,7,146,Y
IDCJAC0001,9225,2003,8,145,Y
IDCJAC0001,9225,2003,9,102,Y
IDCJAC0001,9225,2003,10,48.4,Y
IDCJAC0001,9225,2003,11,17.8,Y
IDCJAC0001,9225,2003,12,5.6,Y
IDCJAC0001,9225,2004,1,0,Y
IDCJAC0001,9225,2004,2,2,Y
IDCJAC0001,9225,2004,3,0,Y
IDCJAC0001,9225,2004,4,12,Y
IDCJAC0001,9225,2004,5,103.2,Y
IDCJAC0001,9225,2004,6,123.2,Y
IDCJAC0001,9225,2004,7,112.6,Y
IDCJAC0001,9225,2004,8,175.6,Y
IDCJAC0001,9225,2004,9,35.2,Y
IDCJAC0001,9225,2004,10,37.8,Y
IDCJAC0001,9225,2004,11,32.8,Y
IDCJAC0001,9225,2004,12,2.6,Y
IDCJAC0001,9225,2005,1,0,Y
IDCJAC0001,9225,2005,2,3,Y
IDCJAC0001,9225,2005,3,52.2,Y
IDCJAC0001,9225,2005,4,27.8,Y
IDCJAC0001,9225,2005,5,191.2,Y
IDCJAC0001,9225,2005,6,251,Y
IDCJAC0001,9225,2005,7,62.8,Y
IDCJAC0001,9225,2005,8,124.6,Y
IDCJAC0001,9225,2005,9,91,Y
IDCJAC0001,9225,2005,10,52.8,Y
IDCJAC0001,9225,2005,11,13.4,Y
IDCJAC0001,9225,2005,12,5,Y
IDCJAC0001,9225,2006,1,28.4,Y
IDCJAC0001,9225,2006,2,20.6,Y
IDCJAC0001,9225,2006,3,4.6,Y
IDCJAC0001,9225,2006,4,25.4,Y
IDCJAC0001,9225,2006,5,31,Y
IDCJAC0001,9225,2006,6,24.6,Y
IDCJAC0001,9225,2006,7,81,Y
IDCJAC0001,9225,2006,8,124.8,Y
IDCJAC0001,9225,2006,9,86.4,Y
IDCJAC0001,9225,2006,10,18.6,Y
IDCJAC0001,9225,2006,11,16.2,Y
IDCJAC0001,9225,2006,12,5.2,Y
IDCJAC0001,9225,2007,1,19.2,Y
IDCJAC0001,9225,2007,2,3.4,Y
IDCJAC0001,9225,2007,3,6.2,Y
IDCJAC0001,9225,2007,4,76.4,Y
IDCJAC0001,9225,2007,5,61.4,Y
IDCJAC0001,9225,2007,6,60,Y
IDCJAC0001,9225,2007,7,179.4,Y
IDCJAC0001,9225,2007,8,130.8,Y
IDCJAC0001,9225,2007,9,100.6,Y
IDCJAC0001,9225,2007,10,42.4,Y
IDCJAC0001,9225,2007,11,5.2,Y
IDCJAC0001,9225,2007,12,18,Y
IDCJAC0001,9225,2008,1,0,Y
IDCJAC0001,9225,2008,2,47.6,Y
IDCJAC0001,9225,2008,3,14.2,Y
IDCJAC0001,9225,2008,4,153.6,Y
IDCJAC0001,9225,2008,5,59.6,Y
IDCJAC0001,9225,2008,6,142,Y
IDCJAC0001,9225,2008,7,179.4,Y
IDCJAC0001,9225,2008,8,27.8,N
IDCJAC0001,9225,2008,9,75.8,N
IDCJAC0001,9225,2008,10,38.4,N
IDCJAC0001,9225,2008,11,57.8,N
IDCJAC0001,9225,2008,12,11.6,N
IDCJAC0001,9225,2009,1,0.2,N
IDCJAC0001,9225,2009,2,8.2,N
IDCJAC0001,9225,2009,3,6.8,N
IDCJAC0001,9225,2009,4,5,N
IDCJAC0001,9225,2009,5,46,N
IDCJAC0001,9225,2009,6,156.2,N
IDCJAC0001,9225,2009,7,148.6,Y
IDCJAC0001,9225,2009,8,111,N
IDCJAC0001,9225,2009,9,80.2,N
IDCJAC0001,9225,2009,10,6.8,N
IDCJAC0001,9225,2009,11,38.2,N
IDCJAC0001,9225,2009,12,0,N
IDCJAC0001,9225,2010,1,0,N
IDCJAC0001,9225,2010,2,0.2,N
IDCJAC0001,9225,2010,3,40.4,N
IDCJAC0001,9225,2010,4,25,N
IDCJAC0001,9225,2010,5,88.6,N
IDCJAC0001,9225,2010,6,51.4,N
IDCJAC0001,9225,2010,7,142,N
IDCJAC0001,9225,2010,8,63,N
IDCJAC0001,9225,2010,9,43.6,N
IDCJAC0001,9225,2010,10,20.6,N
IDCJAC0001,9225,2010,11,11.6,N
IDCJAC0001,9225,2010,12,17.4,N
IDCJAC0001,9225,2011,1,30.2,N
IDCJAC0001,9225,2011,2,0.4,N
IDCJAC0001,9225,2011,3,0,N
IDCJAC0001,9225,2011,4,19.4,N
IDCJAC0001,9225,2011,5,85,N
IDCJAC0001,9225,2011,6,171.4,N
IDCJAC0001,9225,2011,7,161,N
IDCJAC0001,9225,2011,8,115.2,N
IDCJAC0001,9225,2011,9,109.2,N
IDCJAC0001,9225,2011,10,64.2,N
IDCJAC0001,9225,2011,11,29,N
IDCJAC0001,9225,2011,12,75.8,N
IDCJAC0001,9225,2012,1,18.8,N
IDCJAC0001,9225,2012,2,23.6,N
IDCJAC0001,9225,2012,3,0.2,N
IDCJAC0001,9225,2012,4,69.2,Y
IDCJAC0001,9225,2012,5,49,N
IDCJAC0001,9225,2012,6,140.8,N
IDCJAC0001,9225,2012,7,34.6,N
IDCJAC0001,9225,2012,8,87.2,N
IDCJAC0001,9225,2012,9,90.8,N
IDCJAC0001,9225,2012,10,15.6,N
IDCJAC0001,9225,2012,11,58.2,N
IDCJAC0001,9225,2012,12,20.2,N
IDCJAC0001,9225,2013,1,7.2,Y
IDCJAC0001,9225,2013,2,0.8,Y
IDCJAC0001,9225,2013,3,69.6,N
IDCJAC0001,9225,2013,4,21,N
IDCJAC0001,9225,2013,5,138.2,Y
IDCJAC0001,9225,2013,6,44,Y
IDCJAC0001,9225,2013,7,140,Y
IDCJAC0001,9225,2013,8,167.4,N
IDCJAC0001,9225,2013,9,144.2,N
IDCJAC0001,9225,2013,10,38,N
IDCJAC0001,9225,2013,11,10.2,N
IDCJAC0001,9225,2013,12,1.8,N
IDCJAC0001,9225,2014,1,0.2,Y
IDCJAC0001,9225,2014,2,0,N
IDCJAC0001,9225,2014,3,7.4,N
IDCJAC0001,9225,2014,4,24.6,N
IDCJAC0001,9225,2014,5,152.6,N
IDCJAC0001,9225,2014,6,93.6,N
IDCJAC0001,9225,2014,7,151.2,Y
IDCJAC0001,9225,2014,8,107,Y
IDCJAC0001,9225,2014,9,77,N
IDCJAC0001,9225,2014,10,37,Y
IDCJAC0001,9225,2014,11,23.8,N
IDCJAC0001,9225,2014,12,0,N
IDCJAC0001,9225,2015,1,18.6,N
IDCJAC0001,9225,2015,2,23.4,N
IDCJAC0001,9225,2015,3,15.6,N
IDCJAC0001,9225,2015,4,54,N
IDCJAC0001,9225,2015,5,83.8,Y
IDCJAC0001,9225,2015,6,100.4,Y
IDCJAC0001,9225,2015,7,102.4,N
IDCJAC0001,9225,2015,8,113,Y
IDCJAC0001,9225,2015,9,52,Y
IDCJAC0001,9225,2015,10,20.6,Y
IDCJAC0001,9225,2015,11,20.4,N
IDCJAC0001,9225,2015,12,13.6,N
IDCJAC0001,9225,2016,1,15.2,Y
IDCJAC0001,9225,2016,2,0.6,Y
IDCJAC0001,9225,2016,3,16.8,Y
IDCJAC0001,9225,2016,4,68.2,N
IDCJAC0001,9225,2016,5,112,Y
IDCJAC0001,9225,2016,6,109.4,Y
IDCJAC0001,9225,2016,7,139.6,N
IDCJAC0001,9225,2016,8,123.2,Y
IDCJAC0001,9225,2016,9,68.8,Y
IDCJAC0001,9225,2016,10,37.4,N
IDCJAC0001,9225,2016,11,14.4,N
IDCJAC0001,9225,2016,12,10.2,N
IDCJAC0001,9225,2017,1,45.4,N
IDCJAC0001,9225,2017,2,137.2,N
IDCJAC0001,9225,2017,3,23.6,Y
IDCJAC0001,9225,2017,4,0,N
IDCJAC0001,9225,2017,5,70.8,Y
IDCJAC0001,9225,2017,6,88,Y
IDCJAC0001,9225,2017,7,172.6,N
IDCJAC0001,9225,2017,8,151.6,N
IDCJAC0001,9225,2017,9,77.4,N
IDCJAC0001,9225,2017,10,42,N
IDCJAC0001,9225,2017,11,4.8,N
IDCJAC0001,9225,2017,12,40.6,N
IDCJAC0001,9225,2018,1,106.2,N
IDCJAC0001,9225,2018,2,0.2,N
IDCJAC0001,9225,2018,3,2.6,N
IDCJAC0001,9225,2018,4,20.6,N
IDCJAC0001,9225,2018,5,67.4,N
IDCJAC0001,9225,2018,6,126.4,Y
IDCJAC0001,9225,2018,7,152,Y
IDCJAC0001,9225,2018,8,186,N
IDCJAC0001,9225,2018,9,35.2,N
IDCJAC0001,9225,2018,10,40,N
IDCJAC0001,9225,2018,11,3.2,N
IDCJAC0001,9225,2018,12,1.8,N
IDCJAC0001,9225,2019,1,7.2,Y
IDCJAC0001,9225,2019,2,0.2,Y
IDCJAC0001,9225,2019,3,6.2,N
IDCJAC0001,9225,2019,4,44.2,N
IDCJAC0001,9225,2019,5,17.8,N
IDCJAC0001,9225,2019,6,212,Y
IDCJAC0001,9225,2019,7,108.6,N
IDCJAC0001,9225,2019,8,114.2,N
IDCJAC0001,9225,2019,9,31.4,Y
IDCJAC0001,9225,2019,11,18.2,Y
IDCJAC0001,9225,2019,12,2.4,N
IDCJAC0001,9225,2020,1,3,N
IDCJAC0001,9225,2020,2,34.4,N
IDCJAC0001,9225,2020,3,32.8,N
IDCJAC0001,9225,2020,4,13.2,N
IDCJAC0001,9225,2020,5,111.6,N
IDCJAC0001,9225,2020,6,115.4,Y
IDCJAC0001,9225,2020,7,83.4,N
IDCJAC0001,9225,2020,8,92.8,N
IDCJAC0001,9225,2020,9,77.8,N
IDCJAC0001,9225,2020,10,12.6,N
IDCJAC0001,9225,2020,11,92,N
IDCJAC0001,9225,2020,12,4.4,N
IDCJAC0001,9225,2021,1,0.2,N
IDCJAC0001,9225,2021,2,38.6,N
IDCJAC0001,9225,2021,3,40.6,N
IDCJAC0001,9225,2021,4,40.6,N
IDCJAC0001,9225,2021,5,113.6,Y
IDCJAC0001,9225,2021,6,93.6,N
IDCJAC0001,9225,2021,7,271.4,Y
IDCJAC0001,9225,2021,8,56.8,Y
IDCJAC0001,9225,2021,9,62.2,N
IDCJAC0001,9225,2021,10,122.8,Y
IDCJAC0001,9225,2021,11,48,N
IDCJAC0001,9225,2021,12,3.6,N
IDCJAC0001,9225,2022,1,0,N
IDCJAC0001,9225,2022,2,1.6,N
IDCJAC0001,9225,2022,3,5,N
IDCJAC0001,9225,2022,4,76.2,N
IDCJAC0001,9225,2022,5,87.4,Y
IDCJAC0001,9225,2022,6,60.8,Y
IDCJAC0001,9225,2022,7,157,N
IDCJAC0001,9225,2022,8,174.4,N
IDCJAC0001,9225,2022,9,77,N
IDCJAC0001,9225,2022,10,26.4,N
IDCJAC0001,9225,2022,11,34.8,Y
IDCJAC0001,9225,2022,12,1,N
IDCJAC0001,9225,2023,1,0.4,Y
IDCJAC0001,9225,2023,2,0,N
IDCJAC0001,9225,2023,3,41.8,N
IDCJAC0001,9225,2023,4,45.4,N
IDCJAC0001,9225,2023,5,26.4,N
IDCJAC0001,9225,2023,6,228.6,Y
IDCJAC0001,9225,2023,7,120.6,N
IDCJAC0001,9225,2023,8,75,N
IDCJAC0001,9225,2023,9,44.8,Y
IDCJAC0001,9225,2023,10,8.2,N
IDCJAC0001,9225,2023,11,5.2,Y
IDCJAC0001,9225,2023,12,0,N
IDCJAC0001,9225,2024,1,1.8,N
IDCJAC0001,9225,2024,2,5,N
IDCJAC0001,9225,2024,3,1.6,Y
IDCJAC0001,9225,2024,4,1.2,N
IDCJAC0001,9225,2024,5,76,N
IDCJAC0001,9225,2024,6,118.6,N
IDCJAC0001,9225,2024,7,170,Y
IDCJAC0001,9225,2024,8,138.4,Y
IDCJAC0001,9225,2024,9,39.2,N
IDCJAC0001,9225,2024,10,47.6,Y
IDCJAC0001,9225,2024,11,10.4,N
IDCJAC0001,9225,2024,12,3.8,Y
IDCJAC0001,9225,2025,1,5.4,N
IDCJAC0001,9225,2025,2,0,Y
IDCJAC0001,9225,2025,3,19,Y
IDCJAC0001,9225,2025,4,9.2,Y
IDCJAC0001,9225,2025,5,62.4,Y
IDCJAC0001,9225,2025,8,203.8,Y
IDCJAC0001,9225,2025,9,98.6,Y
IDCJAC0001,9225,2025,10,54.6,Y
IDCJAC0001,9225,2025,11,16.8,Y
IDCJAC0001,9225,2025,12,15.8,Y
IDCJAC0001,9225,2026,1,1.8,Y
IDCJAC0001,9225,2026,2,5.8,N
IDCJAC0001,9225,2026,3,72.6,N
IDCJAC0001,9225,2026,4,37.8,N
IDCJAC0001,9225,2026,5,53.2,N
IDCJAC0001,9225,2026,6,121.6,N
IDCJAC0001,9225,2026,7,56.8,Y
IDCJAC0001,9225,2026,8,97,N